encrypted_message,key
3c5846742b5002200a0a0a5c532e161d4a53022153464025414b3f1601442305031f1d0853073c1712512f140725111605140a460a011507033a5307407514382416441703160b1600485d486858005f64,H7f9J4kLsddfsfsdfsf
3f5c541c411e53234944070516441f1c136b501b345c18556d070b46031b0146000a2e56043643134072532d1257040b0854126b511179411e576d00050b1253130f070e244600794c19476c,K3tY5v2Msdfwsdfsf
3957501c551e5f3e0a0a0849440b0a440522560634460957261a0b080044111a100e6d730238470e4f72170b03000a41074400285d1c714613513a0748463a44021c0a4139181b3f5b0d16251b05125310095302032854503056154326530d12,M8pQ4z6Rsdfsdfsdf
2c41013b17334a2500101f49441116440816012e131a39170c5920184407110b130744151c092f47063f591f146c1a10461b051553100953002513193f431018351c11145302141a01071d0064,J3nV7x8Lsdfsdfsdfsd
315b5714401f5d371d5e46100b0b1644122a140339535a5a2707070e160a4a532d46315c1e3f5d5a462b530a03160046070b4631551b3a185a70221c0a035d,E4wQ6z1Nsdfsdfsdf
254b1b2b1232413e00101f494425120a463a560166591c56275305460001050101127c,C9tF2y3Wsdfsdfsdf
205e4b1459145e210a081d5e463a430b745f042d1803423f1646040c095310097445192c4b04172c1d1f1e0b14164a,T1kY8p7Msfsdfsdf
2b441e29132b583e1a081f1d0a5c53000f2916082b464652341c13461206090610463a5e1030130e582a030108160046121046395e14644608502c1616151a101f4c,M6qD3f9Zsdfsdfsdf
2d4002391729473100101f49442f540946042a40033a5e0c52780a0b135f4404164405123e46043b421115371544111b0b46001114012447033044424c37064a,K2mT7b5Xsdfsdfsdfs
0007493906001c524510064d1c061b450e0a1b1847060e4f2b131104101d491a07480d1d0d040b0e4e160a09111b0f0606084e071d0f56,thisisthetimeineedtogohone
3e574e195a04596853130e0a44111616036a41012615135434160a021a0a015321102f54173d0a57753d531d0906440d1d0b116a4b013e5003593b1d0346160815165b,J8nS5w1Rsdfsdfsdf
23410434173059271b5e461d0b121b0f1d03530d1565441936591d1a740a0b13530e1300125307120a4131131f3c5b1616351d1d091d014612041c1107440f31,E3kY7z6Tsdfsdfsfsdsdf
2d461f3c193d413100101f49442f530f081c3c1407395656443900440f1d12091f1203176b5d1e714d1e5678060a0f050114000d120a6b5d1e225012563607,K4pQ9v3Xsdfsdfsdfs
35470523183453331a081f1d0a5c5313035307073d15193a4d1d4b77121046070c0353070715440735410f3c180d5a3253170a1601161c12030144123c15092f4c1a5a770614461c0a46000b0b1644113c4701,S5jN8y2Wsdfsdfsdfsdf
395659144003563e49440e121203531d091153122c551234504b433f532f141a17120a440a05070321404671770a597004014607050a1844071053233b5c15285a4c4470070b0b1c16141c1359,M9yQ4k7Psdfsdfsdfdsf
315e5701430354351d5e46121603531d093011182f541f076c2a0b135308091c0f0321111b2d5e0318351c1141010146140b082b50572650464b25100f461202121616463254572c50074a285305041c111253100e244557264703592f1b4405010d0b164a,E1wD5f8Lsdfsdfsdf
2d451f39123c4d3e120a5c532f54080a6b4415311200562353100e16141648463c5250375317192212080d5307110b133f17043c5b0a19221b0d081446140b0f2550503b5c595b3307130316085321102e5b093a12185732532f141a15071d48,K7pT2y9Vsdfsfsdf
3e594e1b5b055077532d461501031f440a1a21534e255c134a28541746000b0b16100e1a24514e285b031f3f1644081c104607010a1f23580971591316,J6nQ4v8Msdfsdfsdfs
1f57463452145e360a0a08494412161c125309036b4f0e3c5d504e3506431416440412070d530c09265d46305550522c16161f070c0f1d03461a1746245307201d,K8fY3p7Zsdfsdfsdfsdf
2340043e193c473d00101f49442f4417092b151f7352195a23530d00532d4607120865590e364957413c1a1746070b46090a15205e0d7358194c741f0b081401144a,E2kS9w5Tsdfsdfdsf
3f56510950025f200a0a084944111644081601026b4d1e6445075a2753253532344612060906104638561c21450e5f2214442f530209060a02530b133f17,K9qD1f6Lsdfsdfsdfsdf
395d571f4610443a0a5e460a0b13530c0712162315037447185e2a5305080a100e1a0a014400245c14311400523d07011417051f5f441f0b066d5c1231505943215310031f08461e0146171c2057033c5d17506f,M2wT4y7Nsdfsdfsdfds
3e58461c52125c3e0a0a085e532d010d15071d4621520321405641370b100f0a14461e01461206093f4346255b1f4672070c0f0a1446120a02532d463943072347135172070b460316125305080b0d093f44,J7fQ3v5Rsdfdsfsdfsdf
0d470139183b4b2400101f49442f54094610160a275c003318095638530b0816440915441f0b06146b531c3d5d1e5d3e53000f1744121b01460012122a150c265d115a255d,K5nT8p9Msdfsdfsdfdsf
234b1829133c43291f1d084944030501140a122d5019231310466c150d081648460010090346244a1c2d5d1e152d110b130744121b01460007285c57305b105b2b,E9wD3y5Lsdfsdfsdfsf
27574b124619442e0a5e46070c0f00440f2018183c4619582f00440f07440f0044043a5f0c3c46504332120a46191115074407734a1e345b021b7a0a0b135307071d431273521e2a4050443b0a44151c0903070c0f3d5f4b355d1b527a070c07074a,S8kY4p7Zsdfsdfsdf
2b461e39192c592b1b5e46170b085410463a5b03264046573a1c111253211016081f2318511d19125734180102531009530c033f14103a5d46453016441516010b160046235b0339580a,M4qT9f6Xsdfsdfsdf
3e5c500459045976530c090444021a00460a0b3f131b20590011290501140a100e1a0a014c44135c056e411243291d431253170e1c070d16006a44182b5857482306440e1605141748463a44245c04275512556c070c07074a,J3pN6w1Lsdfsdfsdfsd
3f594d1c4e035b2f0849440f00441223531f3c1815583b03070c0f1d034632591879591452760d1601161a0a016b501f365546422559533d0906440e2a4008371f12173403160a460a0b13394508355e465b371216081f5f441f24434d32560940762f5307071d440e2e5a1d7941094278,K6mY8f7Vfsdfsdf
31575109531d5c381f06085d48004e14284b17153c071b46050d20565136571859381f4815020b375d052d441c1b742207461e073018052c5b175e74150003401b655018205b17527415070b021c2d511f230d,E8qD2y5Tfhfgh
2b47013413324d3207065c4723140e1b394c4e2d5c1b5d7a0b0d4614070b021c255c003e13044d28070601024807050738414e1c45125523084646290712471b38470b795a111913461b0e081d0a03482f50023056015c7a0e0d1449,M5nY3w9Zfhfghfgh
0c461b3c173b4a241513115c4721460627141b3f5b091839141e0108004812086a44063e43155b39461e071347214603255a53251718593b034707120f0d1447235a0034590451220814,J4tQ7p8Mfghfghfg
3f565912420e542248482115224a0d2e160d5029021b4a03395609275f08526c1a010413381918355913416c010707023f511039514a152e071c4a14235c592059081238521b0b1e6b5c0f32441f41241b060d49,K9yW6f5Lrhjg
23431b3c193c41350e0f004c421920111c304f1c17240d561d19101a65451c384a59582516560c13040137545425511c173e0b110602420b2b55077d1913422316560613031c655c1171560c4370121a0b17110b6b,E1tQ9y7Pbvnvbn
235a50124a0340261d49471a311509364d4d41374407150a3e5b17794c051322161c1316344150345d4613381100135323501c3518075672101b02532347052d5044,W5pY8j3Rdsgs
2d4102231434593c081f1c1c25094d195c001831125300042e4114215a1c183902070c1c2c131e21140e5d3113174513295c183a140d503d41060b1b6b5a032d5d1d5d36154c,K3mN4y8Xaser
39575911460e54345d45030f2918003b47465e34081247072f570c2012125d33144506156d4f1c385e59151b050a12126d7d0f315e1f5b7a081747033b5d177478094632585a,M8yT2f5Zgegf
2c401f3c162656280e1f0b0b1d5d040c07136a5b03717d195e3f130a5211011e1a0a01473e5d50265719596c1e1c074512051c111258,J2pQ6k7Lgsresgsdfg
0345013414354f281f1c1c5e4717132a474e385a1e56341d0c1c0347090269172779401f5529531c1d114701112045172d5c19572a530c0144090b1528560279551e5d6d3a451a051101472b584e305015586d1b0a0544130c0265551c3c5513516d1b040214020a022119,E7nY4p9Mserdgdg
1f5b4a05470f4b200a4847040d131346172414132140465531121c470a0a07470d1d24434a395d0918301a1647070d174702123f554a2c470359371b5347240d1d470f006b5d1e710a,K4jN5f8Tsrgsergfs
2b411b3a193358211b5f440f1d1246032457542e560c17391d0a134713070912391331215c154e3c5416440e1c13090b3b561932570d08,M3tW9y7Rsedgrefg
1e5a4614531451360a0a085d44170f036a4c092c12185d3b014407050b0612473e5d0379471e512c1616150e100a460438400530531c183e121007470816070c751531315d504f35060802471d1c13473e5d0f375950503b05014604050615022e150f2d0d,J5fY2p8Zsdfgdsfg
1f57501f4110423a1e5e53160e08111e176b7150365659462115161a000258442b1c3e1f0231130a522f150d1d02460a015c,K8pT3y1Ngdsefgdrs
0340163c193a55320d1e0a090b49520c1d080236461528193e1435051c541345071a0d1c0d472a545930570e5b380152040f0a53050b070a03655a18275c575633011c530e0b051d0804030365500c2519195b7613130a470c0755175209092012163719024778,E2yQ9w4Vdrsgesrdrfg
0b4b1f34113e592b0c49472d46031d0a6a4d502e501a4278101c4706034706162c49003c55545f3644070f0d1547010d394c112d581b5876,M9pY1t6Xdsgdfgrd
0c440239183c463f051d48470c1d11473d571e7441164725441d1b000c0646062c4208261830123b01150658,J6mT8y2Wdsrgdrfg
1f5a4a0546194a2e1d48532e550946131a162e514a21525040351100530f1b0a12145d440140193a14045c3608521e0252130e060744325a1f6e5f1e562d44131f151705021e5d,K5jN4p9Zdrsgrdfgsd
03410134162d453d00101e48441a124036132b2f530a4e3a5f44141a0153020e21131a315346533507054710161607042d13073716125f315311091b121614142c471777,E3nY6f7Tsdgrdsfg
0b45163c14354e3d1f0b0a5d520d004734580c7140024d2b075209025e442f40215b5925511c54781e1744131a0146102558153414034c37010b440b1310031563,M7yQ4p8Xsrdgrdfg
1e5b501a571d503a1d1c095e531608440b080744163c510277501c5c3a441e0e0f1652021217150b0b1d2f1303775a0050380352130b5307145b,J4pW6y9Vdrgdsrgdrgrds
1f5d4e1e570a5d68472d47101a1a090f521323571c311f0a153f08160244061b060a521023531a747d0f503e1e0a470d015314050b0e255540,K2nT8y5Rgdgdrsgdrg
315a461a411e4a380b5e47050c0844170b3650461a5d184e3f5205051d111344060f2c4659717b1255201d0b465344300c171520150e30451219351d11471001020a4d,E5fQ3w9Lrdgrdgdrg
19574a12471d412c0b5e471a0b1044160b6d714a325b1b45780b0b125516024406012154033752545f3d52100f1744131607102507,M8jY5t2Xrdgrdgdrd
1e56590b45155a2f095e522e44060f1b0a0c6a4e1c694115162606170647101a0252140823570d6e5c16163d0201020e0a1547010104385c0d3d1f504f39124419090b05470b0b126a5a18201304533a0b441f024413090b100f23571e6e521e52762e440508111e031c43136a530c2a5415162f08115c,J9yN3p6Vgdrgdrgrdg
1f58541a551d51200b0a0948442e441f0e032343543f51185c6c10050419440f0b1f02486b5e0070475956230644131a014717130a016b411d355159592a060115521d0811520b012d435a,K7tW4y8Lrdgrdgdrgd
11594e14461156235d44160e16442c160e36421771461c5b21471d1d125205091d132d5f0036121855221210522204010b1d0962454e21530a4372,E6nQ2y7Mgdrgrdgdg
195a57124b0f47260b5e47050c1e52031a00521e2240572b5c07583e0b441317080b520a1644060f24465b794e0e5526520d14520d1352011c16521e22404877,M5wY9f4Rrdgrdgrgsdrg
1e574d11471c5a351c5d47050f1310470c2b4b4d36541c586c1d09470b0807164709235609744511533f174703131e015b472d6a5b0c3a111f53291e47141d0a17100f0d245f4d3d4259413e1d0900,J8mT1y6Lrggrgrdgd
2d46163a192b563c0e1e1e1d1c5d53371101274d177750151728151d0512100b0a52021c234118244d0f593f471a020101021f144713224011774c085e78101d15185206005212173e55157919225836400647071a0e1d194705295b0c23190f4378131a0607520a06110f,K4yW9f7Xgrgsrgsrgd
034b013c153e57250f495200081d4007473c561b71411c51380c531b104000471c0321191a395400181d151a01101e530c1d08324a4e225a545523041b4d,E9nQ5t8Vgsrdgsgsg
3003442c0814065e4610060512471b01140b44150b1347130f080d0e000346060e0b131a441b0d120f472b100e06004403061e080f0b1653442f13471d01030a0b00460b050f034e0d18441106144e170315070b131440440f1d44180c0315024e17090a0b100e0e02034627441f0c09120b0a440d09011346060e0b131a5b,dldfggndfgndfgldfn
2214080b472b05030d0a1e0a085d462e41080b440506080a471f0813440e0a46130c03470b08140a0e0a01470209154608131647090302100f0901471514081046060a0247120e0b0147050013011447120f034414080302140911031548,dfgfgfdgdfg
270944220112081f095d530a0911471f161203470516160844131e05010247080153130a0b1e1c01461e08060115010b1157170f09041653120c025713051f471016530a01060519010247081553120c025715160306041b5f46051512571d091247171c0f0a0057180f071e58,sfdgwwdfggs
3218452d18160f494638151e15031c4703001f070317471a03570405181013532305021b1f19421457160210141613570316170b1e00155d46270f16125016471f0a10532f530c190300450619014704031d13571218451316090c53121c47321012091e19450b1212161559,fwegwegsfsgw
